{"cameraMode":{"drawMode":0,"name":"Shaded","section":"Shading Mode"},"sceneLighting":false,"audioPlay":false,"sceneViewState":{"showFog":true,"showMaterialUpdate":false,"showSkybox":false,"showFlares":true,"showImageEffects":true,"showParticleSystems":true},"in2DMode":false,"pivot":{"x":0.0,"y":-0.010604139417409897,"z":-0.04239480197429657},"rotation":{"x":0.00117313617374748,"y":0.9347213506698608,"z":-0.3553682267665863,"w":0.0030855396762490274},"size":1.6303887367248536,"orthographic":false}